3	1389	9	92	51	32	137	130	187	262	303	195
	GUAT	MEX	COL	HAW	AUS	AFRI	MED	SAME	CAME		
Sample	Pop	CCMIC6		CCMIC14		CCMIC15					
1	GUAT	85	85	75	75	95	95				
2	GUAT	85	85	75	75	85	95				
3	GUAT	85	85	75	75	95	95				
4	GUAT	85	85	75	75	95	95				
5	GUAT	85	85	75	75	95	95				
6	GUAT	85	85	75	75	95	95				
7	GUAT	85	85	75	75	85	85				
8	GUAT	85	85	75	75	95	95				
9	GUAT	85	85	75	75	85	95				
10	GUAT	85	85	75	75	95	95				
11	GUAT	85	95	75	75	85	95				
12	GUAT	85	85	75	75	95	95				
13	GUAT	85	85	75	75	85	95				
14	GUAT	85	85	75	75	95	95				
15	GUAT	85	85	75	75	85	95				
16	GUAT	85	95	75	75	95	95				
17	GUAT	85	85	75	75	95	95				
18	GUAT	85	85	75	75	85	95				
19	GUAT	85	85	75	75	95	95				
20	GUAT	85	85	75	75	85	95				
21	GUAT	85	85	75	75	95	95				
22	GUAT	85	85	75	85	95	95				
23	GUAT	85	85	75	75	95	95				
24	GUAT	85	85	75	75	85	85				
25	GUAT	85	85	75	75	85	95				
26	GUAT	85	85	75	75	95	95				
27	GUAT	85	85	75	75	95	95				
28	GUAT	85	85	75	75	85	85				
29	GUAT	85	85	75	75	85	95				
30	GUAT	85	85	75	75	95	95				
31	GUAT	85	85	75	75	95	95				
32	GUAT	85	85	75	75	95	95				
33	GUAT	85	85	75	75	95	95				
34	GUAT	85	85	75	85	85	95				
35	GUAT	85	85	75	75	85	95				
36	GUAT	85	85	75	85	95	95				
37	GUAT	85	85	75	75	95	95				
38	GUAT	85	85	0	0	95	95				
39	GUAT	85	85	75	75	95	95				
40	GUAT	85	85	75	75	85	95				
41	GUAT	85	85	75	75	85	85				
42	GUAT	85	85	75	75	95	95				
43	GUAT	85	85	75	75	95	95				
44	GUAT	85	85	75	75	85	95				
45	GUAT	85	85	75	75	95	95				
46	GUAT	85	85	75	85	95	95				
47	GUAT	85	85	0	0	95	95				
48	GUAT	85	85	75	75	95	95				
49	GUAT	85	85	75	75	95	95				
50	GUAT	85	85	0	0	95	95				
51	GUAT	85	85	75	75	95	95				
52	GUAT	85	85	75	75	95	95				
53	GUAT	85	85	75	75	95	95				
54	GUAT	85	85	0	0	85	95				
55	GUAT	85	85	75	75	95	95				
56	GUAT	85	85	75	75	85	95				
57	GUAT	85	85	0	0	95	95				
58	GUAT	85	85	75	75	85	95				
59	GUAT	85	85	75	75	85	95				
60	GUAT	85	85	85	85	85	95				
61	GUAT	85	85	75	85	95	95				
62	GUAT	85	85	75	75	95	95				
63	GUAT	85	85	75	75	85	95				
64	GUAT	85	85	75	75	95	95				
65	GUAT	85	85	75	75	85	95				
66	GUAT	85	85	75	75	95	95				
67	GUAT	85	85	0	0	95	95				
68	GUAT	85	85	75	75	95	95				
69	GUAT	85	85	75	75	95	95				
70	GUAT	85	85	75	75	85	95				
71	GUAT	85	85	75	75	95	95				
72	GUAT	85	85	75	75	95	95				
73	GUAT	85	85	75	75	95	95				
74	GUAT	85	85	75	75	95	95				
75	GUAT	85	85	0	0	95	95				
76	GUAT	85	85	75	75	95	95				
77	GUAT	85	85	0	0	95	95				
78	GUAT	85	85	75	75	95	95				
79	GUAT	85	85	75	75	85	95				
80	GUAT	85	85	0	0	95	95				
81	GUAT	85	85	0	0	95	95				
82	GUAT	85	85	75	75	95	95				
83	GUAT	85	85	75	75	95	95				
84	GUAT	85	85	75	75	95	95				
85	GUAT	85	85	75	75	85	85				
86	GUAT	85	85	75	75	95	95				
87	GUAT	85	85	75	75	95	95				
88	GUAT	85	85	75	75	95	95				
89	GUAT	85	85	75	75	95	95				
90	GUAT	85	85	75	75	95	95				
91	GUAT	85	85	75	75	95	95				
92	GUAT	85	85	75	75	85	95				
93	MEX	85	85	75	75	85	95				
94	MEX	85	85	75	75	85	95				
95	MEX	85	85	75	75	95	95				
96	MEX	85	85	75	75	95	95				
97	MEX	85	95	75	85	95	95				
98	MEX	85	85	85	85	95	95				
99	MEX	85	85	75	75	85	95				
100	MEX	85	85	75	75	85	85				
101	MEX	75	75	75	75	85	85				
102	MEX	85	85	75	75	95	95				
103	MEX	85	85	75	75	95	95				
104	MEX	85	85	75	75	85	95				
105	MEX	85	85	75	85	95	95				
106	MEX	85	85	75	75	95	95				
107	MEX	85	85	75	75	95	95				
108	MEX	85	85	75	75	95	95				
109	MEX	85	85	75	85	95	95				
110	MEX	85	85	75	75	95	95				
111	MEX	85	85	75	75	95	95				
112	MEX	85	85	0	0	95	95				
113	MEX	85	85	0	0	85	85				
114	MEX	85	85	75	85	85	95				
115	MEX	85	85	0	0	85	95				
116	MEX	85	85	75	85	95	95				
117	MEX	85	85	75	75	85	95				
118	MEX	85	85	75	85	85	95				
119	MEX	85	85	75	75	95	95				
120	MEX	85	85	75	75	95	95				
121	MEX	85	85	85	85	95	95				
122	MEX	85	85	75	85	0	0				
123	MEX	85	85	85	85	95	95				
124	MEX	85	85	75	85	85	95				
125	MEX	85	85	0	0	95	95				
126	MEX	85	85	85	85	85	95				
127	MEX	85	85	75	75	85	95				
128	MEX	85	85	75	75	0	0				
129	MEX	85	85	75	75	0	0				
130	MEX	85	85	75	85	85	85				
131	MEX	85	85	75	75	0	0				
132	MEX	85	85	75	85	95	95				
133	MEX	85	85	75	75	95	95				
134	MEX	75	75	75	85	95	95				
135	MEX	85	85	75	75	85	95				
136	MEX	85	85	75	85	95	95				
137	MEX	85	85	75	75	95	95				
138	MEX	85	85	85	85	95	95				
139	MEX	85	85	75	75	95	95				
140	MEX	75	75	75	75	85	85				
141	MEX	0	0	75	75	95	95				
142	MEX	85	85	75	75	85	95				
143	MEX	85	85	75	75	95	95				
144	COL	105	105	95	95	115	115				
145	COL	105	105	0	0	115	115				
146	COL	105	105	95	95	0	0				
147	COL	105	105	95	95	115	115				
148	COL	105	105	95	95	115	115				
149	COL	105	105	95	95	125	125				
150	COL	105	105	95	95	125	125				
151	COL	105	105	0	0	0	0				
152	COL	105	105	0	0	115	115				
153	COL	105	105	95	95	115	115				
154	COL	105	105	95	95	115	115				
155	COL	105	105	95	95	0	0				
156	COL	105	105	95	95	115	115				
157	COL	105	105	95	95	115	115				
158	COL	105	105	95	95	115	115				
159	COL	105	105	95	95	115	115				
160	COL	105	105	95	95	115	115				
161	COL	105	105	95	95	115	115				
162	COL	105	105	95	95	115	115				
163	COL	0	0	95	95	115	115				
164	COL	105	105	0	0	0	0				
165	COL	105	105	95	95	115	115				
166	COL	105	105	95	95	115	115				
167	COL	105	105	0	0	115	115				
168	COL	105	105	95	95	115	115				
169	COL	0	0	0	0	0	0				
170	COL	105	105	0	0	115	115				
171	COL	105	105	95	95	115	115				
172	COL	105	105	95	95	115	115				
173	COL	105	105	95	95	115	115				
174	COL	105	105	0	0	115	115				
175	COL	105	105	0	0	115	115				
176	HAW	95	95	75	75	105	105				
177	HAW	95	95	75	75	95	105				
178	HAW	95	95	75	85	95	95				
179	HAW	95	95	75	85	95	105				
180	HAW	95	95	85	85	105	105				
181	HAW	95	95	75	75	95	95				
182	HAW	95	95	75	75	95	105				
183	HAW	95	95	75	75	0	0				
184	HAW	0	0	85	85	105	105				
185	HAW	95	95	75	75	95	95				
186	HAW	95	95	75	85	0	0				
187	HAW	95	95	75	85	105	105				
188	HAW	95	95	85	85	105	105				
189	HAW	95	105	75	85	95	105				
190	HAW	95	95	75	75	95	105				
191	HAW	95	95	75	85	95	105				
192	HAW	95	95	85	85	95	105				
193	HAW	95	95	75	85	105	105				
194	HAW	95	95	85	85	105	105				
195	HAW	95	95	85	85	95	105				
196	HAW	95	95	75	85	105	105				
197	HAW	95	95	85	85	105	105				
198	HAW	95	95	75	75	105	105				
199	HAW	95	95	85	85	95	95				
200	HAW	95	95	75	85	105	105				
201	HAW	105	105	75	75	0	0				
202	HAW	95	105	75	75	95	105				
203	HAW	95	105	75	85	95	105				
204	HAW	95	95	75	75	105	105				
205	HAW	95	95	85	85	105	105				
206	HAW	95	95	75	75	95	105				
207	HAW	95	105	75	75	105	105				
208	HAW	95	95	75	75	105	105				
209	HAW	95	95	85	85	105	105				
210	HAW	95	95	75	85	95	105				
211	HAW	95	95	75	85	95	95				
212	HAW	95	95	75	85	105	105				
213	HAW	95	95	75	75	95	105				
214	HAW	95	95	75	85	105	105				
215	HAW	95	95	75	85	95	105				
216	HAW	95	105	75	85	105	105				
217	HAW	95	95	75	85	95	105				
218	HAW	95	95	75	85	105	105				
219	HAW	95	95	75	85	95	105				
220	HAW	95	95	75	85	105	105				
221	HAW	95	95	75	85	105	105				
222	HAW	95	95	75	75	105	105				
223	HAW	95	105	75	85	105	105				
224	HAW	95	95	85	85	105	105				
225	HAW	85	85	75	75	105	105				
226	HAW	95	95	75	75	105	105				
227	HAW	95	95	75	75	105	105				
228	HAW	95	95	75	85	95	105				
229	HAW	95	95	75	85	95	105				
230	HAW	95	95	75	75	105	105				
231	HAW	95	95	75	85	105	105				
232	HAW	95	95	75	75	95	95				
233	HAW	95	95	75	85	105	105				
234	HAW	95	95	75	85	95	105				
235	HAW	95	105	75	85	95	105				
236	HAW	95	95	85	85	95	105				
237	HAW	95	95	75	75	0	0				
238	HAW	95	95	75	85	95	105				
239	HAW	95	95	75	85	95	105				
240	HAW	95	105	75	85	105	105				
241	HAW	105	105	85	85	105	105				
242	HAW	95	105	75	85	105	105				
243	HAW	95	95	75	85	95	105				
244	HAW	95	95	75	75	0	0				
245	HAW	95	95	75	75	95	105				
246	HAW	95	95	75	75	95	105				
247	HAW	95	95	85	85	105	105				
248	HAW	95	95	75	85	105	105				
249	HAW	95	105	85	85	105	105				
250	HAW	85	95	75	75	95	105				
251	HAW	95	95	75	75	105	105				
252	HAW	95	95	85	85	105	105				
253	HAW	95	95	75	85	95	95				
254	HAW	95	95	85	85	95	95				
255	HAW	95	95	75	85	95	105				
256	HAW	95	105	75	75	105	105				
257	HAW	95	95	75	75	95	95				
258	HAW	95	105	75	75	105	105				
259	HAW	95	105	75	75	105	105				
260	HAW	95	95	75	85	95	105				
261	HAW	95	95	75	85	95	105				
262	HAW	95	95	75	75	105	105				
263	HAW	95	95	75	75	95	105				
264	HAW	95	95	75	75	95	105				
265	HAW	95	105	75	85	95	95				
266	HAW	105	105	75	75	105	105				
267	HAW	95	95	75	75	95	95				
268	HAW	95	95	85	85	95	105				
269	HAW	95	95	85	85	105	105				
270	HAW	95	95	75	75	95	95				
271	HAW	105	105	75	85	95	95				
272	HAW	95	95	75	85	95	95				
273	HAW	95	105	75	75	95	105				
274	HAW	95	95	75	85	105	105				
275	HAW	95	95	75	75	95	105				
276	HAW	95	95	85	85	105	105				
277	HAW	105	105	75	75	95	105				
278	HAW	95	105	75	85	105	105				
279	HAW	95	95	75	85	95	105				
280	HAW	95	95	75	85	105	105				
281	HAW	105	105	75	85	105	105				
282	HAW	95	95	75	85	105	105				
283	HAW	95	95	85	85	95	105				
284	HAW	95	95	75	85	95	95				
285	HAW	95	95	75	75	105	105				
286	HAW	95	95	75	85	95	105				
287	HAW	95	95	75	85	105	105				
288	HAW	95	95	75	75	105	105				
289	HAW	95	95	75	85	105	105				
290	HAW	95	95	75	85	95	105				
291	HAW	95	95	75	85	105	105				
292	HAW	95	95	75	85	95	95				
293	HAW	95	95	75	75	95	105				
294	HAW	95	105	75	85	95	95				
295	HAW	95	95	85	85	95	105				
296	HAW	105	105	85	85	105	105				
297	HAW	95	95	75	85	105	105				
298	HAW	95	95	75	75	105	105				
299	HAW	95	95	75	85	95	105				
300	HAW	95	95	75	85	95	95				
301	HAW	95	95	75	85	105	105				
302	HAW	105	105	75	75	95	105				
303	HAW	95	95	75	75	95	105				
304	HAW	95	95	75	85	0	0				
305	HAW	95	95	75	75	0	0				
306	HAW	95	95	75	75	0	0				
307	HAW	95	95	75	85	105	105				
308	HAW	95	95	75	75	95	105				
309	HAW	95	95	75	85	105	105				
310	HAW	95	105	75	85	95	105				
311	HAW	95	95	85	85	95	105				
312	HAW	95	95	75	85	105	105				
313	AUS	105	105	75	75	95	105				
314	AUS	95	95	75	75	95	95				
315	AUS	95	95	75	75	95	105				
316	AUS	95	95	75	75	95	95				
317	AUS	95	105	75	75	95	95				
318	AUS	95	95	75	75	95	95				
319	AUS	95	105	75	75	95	95				
320	AUS	95	105	75	75	95	95				
321	AUS	95	95	75	75	95	95				
322	AUS	95	95	75	75	95	95				
323	AUS	95	95	75	75	95	95				
324	AUS	95	105	75	75	95	95				
325	AUS	95	95	75	75	95	105				
326	AUS	95	95	75	75	95	95				
327	AUS	95	95	75	75	95	95				
328	AUS	95	105	75	75	95	95				
329	AUS	95	105	75	85	95	95				
330	AUS	105	105	75	85	95	105				
331	AUS	105	105	75	75	95	95				
332	AUS	95	105	75	75	105	105				
333	AUS	105	105	75	85	95	95				
334	AUS	95	95	75	75	95	105				
335	AUS	95	105	75	75	95	95				
336	AUS	95	105	75	75	95	95				
337	AUS	95	95	75	75	95	95				
338	AUS	95	95	75	75	105	105				
339	AUS	95	95	75	75	95	95				
340	AUS	95	105	75	75	95	105				
341	AUS	105	105	75	75	95	95				
342	AUS	95	105	75	75	95	95				
343	AUS	95	95	75	75	95	95				
344	AUS	95	95	75	75	95	105				
345	AUS	95	105	75	75	95	95				
346	AUS	95	95	75	85	95	95				
347	AUS	95	95	75	75	95	95				
348	AUS	105	105	75	75	95	105				
349	AUS	95	105	75	75	95	95				
350	AUS	95	95	75	75	105	105				
351	AUS	95	95	75	75	105	105				
352	AUS	95	95	75	75	95	105				
353	AUS	95	95	75	75	105	105				
354	AUS	95	105	75	75	95	105				
355	AUS	95	105	75	75	95	95				
356	AUS	95	95	75	75	95	105				
357	AUS	75	105	75	75	95	95				
358	AUS	95	95	75	75	95	105				
359	AUS	95	105	75	75	95	105				
360	AUS	95	95	75	75	95	105				
361	AUS	95	95	75	85	95	105				
362	AUS	105	105	75	75	95	95				
363	AUS	95	95	75	85	95	105				
364	AUS	95	95	75	75	95	95				
365	AUS	95	95	75	75	95	95				
366	AUS	95	105	75	75	95	105				
367	AUS	95	105	75	75	95	95				
368	AUS	95	105	75	75	95	105				
369	AUS	95	105	75	75	95	95				
370	AUS	95	95	75	75	95	95				
371	AUS	105	105	75	85	95	105				
372	AUS	95	105	75	75	95	105				
373	AUS	95	105	75	75	95	95				
374	AUS	95	95	75	75	105	105				
375	AUS	95	95	75	75	95	95				
376	AUS	95	95	75	75	95	105				
377	AUS	95	105	75	85	95	105				
378	AUS	105	105	75	75	95	95				
379	AUS	95	105	75	85	95	105				
380	AUS	95	95	75	75	95	95				
381	AUS	95	95	75	75	95	95				
382	AUS	95	105	75	75	95	105				
383	AUS	95	105	75	75	95	105				
384	AUS	95	105	75	75	95	95				
385	AUS	95	95	75	75	95	95				
386	AUS	105	105	75	75	95	95				
387	AUS	105	105	75	75	95	95				
388	AUS	95	105	75	75	95	95				
389	AUS	95	95	75	75	95	105				
390	AUS	95	95	75	75	95	105				
391	AUS	95	95	85	85	95	105				
392	AUS	95	95	75	75	95	95				
393	AUS	95	95	75	75	95	95				
394	AUS	95	95	75	85	95	105				
395	AUS	95	95	75	75	95	105				
396	AUS	95	95	75	75	95	105				
397	AUS	95	95	75	75	95	95				
398	AUS	0	0	75	75	95	95				
399	AUS	95	105	75	75	95	105				
400	AUS	95	105	75	75	95	105				
401	AUS	95	105	75	75	95	95				
402	AUS	95	105	75	75	95	95				
403	AUS	95	105	75	75	95	105				
404	AUS	95	95	75	85	95	95				
405	AUS	95	95	75	75	95	105				
406	AUS	105	105	75	75	95	105				
407	AUS	95	95	75	75	95	105				
408	AUS	95	105	75	75	95	95				
409	AUS	95	95	75	75	95	95				
410	AUS	95	105	75	75	95	95				
411	AUS	95	95	75	75	95	95				
412	AUS	95	95	75	85	105	105				
413	AUS	95	95	75	85	95	105				
414	AUS	95	95	75	75	95	95				
415	AUS	95	105	75	75	95	95				
416	AUS	95	95	75	75	95	105				
417	AUS	95	105	75	75	95	95				
418	AUS	95	95	0	0	95	95				
419	AUS	95	95	75	75	95	95				
420	AUS	95	95	75	75	95	105				
421	AUS	95	95	75	75	95	105				
422	AUS	95	95	75	75	95	105				
423	AUS	95	95	75	75	95	95				
424	AUS	95	105	75	75	95	105				
425	AUS	95	105	75	75	105	105				
426	AUS	95	105	75	75	95	105				
427	AUS	95	105	75	75	105	105				
428	AUS	75	95	75	75	95	95				
429	AUS	95	105	75	75	95	95				
430	AUS	95	95	75	75	95	95				
431	AUS	95	95	75	75	95	105				
432	AUS	95	95	75	75	95	95				
433	AUS	95	105	75	75	95	105				
434	AUS	95	95	75	75	95	95				
435	AUS	95	105	75	75	95	95				
436	AUS	95	95	75	75	95	95				
437	AUS	95	105	75	75	95	105				
438	AUS	105	105	75	95	95	95				
439	AUS	105	105	75	75	95	95				
440	AUS	0	0	75	75	95	95				
441	AUS	0	0	75	75	95	95				
442	AUS	105	105	75	75	95	95				
443	AFRI	85	105	75	75	0	0				
444	AFRI	105	105	75	85	95	95				
445	AFRI	105	105	75	75	95	95				
446	AFRI	95	95	75	75	95	95				
447	AFRI	95	95	75	85	95	95				
448	AFRI	95	105	75	85	95	95				
449	AFRI	105	105	75	85	85	105				
450	AFRI	105	105	75	75	95	95				
451	AFRI	95	105	75	75	95	95				
452	AFRI	105	105	75	75	105	105				
453	AFRI	105	105	75	75	95	95				
454	AFRI	95	105	75	85	95	105				
455	AFRI	105	105	75	85	85	95				
456	AFRI	105	105	75	75	0	0				
457	AFRI	95	95	75	75	95	105				
458	AFRI	75	95	75	75	95	105				
459	AFRI	75	105	75	75	95	95				
460	AFRI	105	105	75	85	85	95				
461	AFRI	105	105	75	75	95	95				
462	AFRI	105	105	75	75	85	85				
463	AFRI	95	95	75	75	0	0				
464	AFRI	75	95	75	75	95	95				
465	AFRI	105	105	75	75	95	95				
466	AFRI	0	0	75	75	95	95				
467	AFRI	95	95	75	75	95	95				
468	AFRI	95	95	75	75	85	105				
469	AFRI	95	95	65	65	95	95				
470	AFRI	75	85	85	85	0	0				
471	AFRI	95	95	75	75	0	0				
472	AFRI	85	85	75	85	95	105				
473	AFRI	85	85	75	75	0	0				
474	AFRI	0	0	65	75	95	95				
475	AFRI	75	85	75	75	0	0				
476	AFRI	85	85	75	75	85	95				
477	AFRI	85	85	75	75	95	95				
478	AFRI	95	95	75	75	0	0				
479	AFRI	0	0	75	75	85	85				
480	AFRI	75	85	75	75	0	0				
481	AFRI	75	85	75	75	85	85				
482	AFRI	85	105	75	75	95	95				
483	AFRI	75	85	75	85	95	95				
484	AFRI	75	85	75	85	85	95				
485	AFRI	85	85	85	85	0	0				
486	AFRI	85	95	75	85	85	95				
487	AFRI	75	75	75	85	95	95				
488	AFRI	0	0	75	85	85	105				
489	AFRI	75	75	75	75	95	105				
490	AFRI	75	85	0	0	95	105				
491	AFRI	75	75	75	85	85	95				
492	AFRI	95	95	65	75	85	95				
493	AFRI	75	75	75	85	95	95				
494	AFRI	95	95	85	85	95	95				
495	AFRI	85	85	75	85	0	0				
496	AFRI	75	75	75	75	0	0				
497	AFRI	85	95	75	75	95	95				
498	AFRI	95	95	75	75	95	95				
499	AFRI	75	75	85	85	95	95				
500	AFRI	95	95	75	75	85	105				
501	AFRI	75	75	75	85	0	0				
502	AFRI	75	75	75	75	95	105				
503	AFRI	75	95	75	75	95	95				
504	AFRI	75	75	75	75	95	95				
505	AFRI	85	85	75	75	0	0				
506	AFRI	75	85	75	85	0	0				
507	AFRI	75	85	75	85	85	95				
508	AFRI	85	85	85	85	85	95				
509	AFRI	75	75	65	65	0	0				
510	AFRI	75	85	75	85	0	0				
511	AFRI	85	85	75	75	85	95				
512	AFRI	75	75	85	85	95	95				
513	AFRI	85	85	75	85	95	95				
514	AFRI	85	85	75	85	95	95				
515	AFRI	75	75	75	85	95	95				
516	AFRI	75	85	75	75	95	105				
517	AFRI	75	75	75	85	85	85				
518	AFRI	75	105	75	75	85	95				
519	AFRI	105	105	75	85	95	105				
520	AFRI	85	95	75	85	95	105				
521	AFRI	75	75	75	85	0	0				
522	AFRI	0	0	75	75	95	105				
523	AFRI	75	95	65	75	85	95				
524	AFRI	95	95	75	75	105	105				
525	AFRI	85	85	75	75	0	0				
526	AFRI	85	95	75	75	85	105				
527	AFRI	75	75	75	75	85	85				
528	AFRI	0	0	75	85	95	105				
529	AFRI	75	95	75	85	85	105				
530	AFRI	75	95	75	85	0	0				
531	AFRI	95	95	75	85	95	95				
532	AFRI	75	85	75	75	95	95				
533	AFRI	85	105	75	75	105	105				
534	AFRI	95	95	75	75	85	105				
535	AFRI	105	105	75	75	85	95				
536	AFRI	85	85	75	75	85	85				
537	AFRI	75	85	75	85	105	105				
538	AFRI	75	75	75	75	105	105				
539	AFRI	85	95	75	75	95	95				
540	AFRI	85	85	75	75	85	105				
541	AFRI	95	105	75	75	85	105				
542	AFRI	75	75	75	75	95	95				
543	AFRI	85	85	75	75	85	105				
544	AFRI	95	105	75	75	95	125				
545	AFRI	85	105	75	85	85	105				
546	AFRI	85	85	75	75	85	95				
547	AFRI	85	85	75	75	85	95				
548	AFRI	85	95	75	75	95	105				
549	AFRI	75	75	75	85	85	95				
550	AFRI	75	115	75	75	85	105				
551	AFRI	75	75	75	85	95	95				
552	AFRI	85	85	75	85	95	95				
553	AFRI	85	85	75	85	105	105				
554	AFRI	85	85	75	85	85	95				
555	AFRI	75	75	75	85	85	95				
556	AFRI	75	85	75	75	85	85				
557	AFRI	75	75	75	85	85	95				
558	AFRI	105	105	75	75	0	0				
559	AFRI	75	95	75	85	0	0				
560	AFRI	95	95	75	75	95	105				
561	AFRI	85	85	75	85	95	115				
562	AFRI	95	95	75	75	95	95				
563	AFRI	85	105	75	75	0	0				
564	AFRI	85	85	75	85	95	105				
565	AFRI	75	75	75	75	85	95				
566	AFRI	85	85	75	85	0	0				
567	AFRI	75	75	75	75	85	105				
568	AFRI	75	105	75	75	95	105				
569	AFRI	85	85	75	85	85	95				
570	AFRI	105	105	75	75	95	105				
571	AFRI	85	85	75	75	105	105				
572	AFRI	85	85	65	75	85	95				
573	AFRI	85	85	75	85	85	105				
574	AFRI	75	75	75	75	85	95				
575	AFRI	85	85	75	75	85	95				
576	AFRI	75	75	75	75	0	0				
577	AFRI	75	95	75	75	85	105				
578	AFRI	85	105	75	75	95	105				
579	AFRI	75	75	75	75	95	95				
580	AFRI	75	75	75	85	0	0				
581	AFRI	85	85	65	75	85	95				
582	AFRI	75	75	75	75	95	105				
583	AFRI	75	75	75	75	95	95				
584	AFRI	75	75	75	75	95	105				
585	AFRI	75	75	75	75	95	95				
586	AFRI	75	75	75	75	95	105				
587	AFRI	75	75	75	85	85	85				
588	AFRI	75	75	75	75	105	105				
589	AFRI	75	75	75	85	85	95				
590	AFRI	85	85	75	85	85	95				
591	AFRI	75	75	75	75	85	105				
592	AFRI	85	85	75	75	0	0				
593	AFRI	95	95	75	75	95	95				
594	AFRI	85	95	75	85	85	95				
595	AFRI	85	85	75	75	85	95				
596	AFRI	75	75	75	75	0	0				
597	AFRI	85	85	75	85	85	105				
598	AFRI	75	85	75	85	0	0				
599	AFRI	85	85	75	85	0	0				
600	AFRI	75	85	65	75	0	0				
601	AFRI	85	105	75	75	85	85				
602	AFRI	75	105	75	75	105	105				
603	AFRI	75	85	75	75	85	95				
604	AFRI	85	85	75	75	85	95				
605	AFRI	75	75	75	85	85	105				
606	AFRI	75	105	65	75	85	105				
607	AFRI	85	85	75	75	85	105				
608	AFRI	75	105	75	75	95	95				
609	AFRI	85	85	75	85	85	95				
610	AFRI	75	75	65	75	85	95				
611	AFRI	105	105	75	75	85	105				
612	AFRI	75	105	75	85	85	95				
613	AFRI	75	105	75	75	95	105				
614	AFRI	75	85	75	75	95	105				
615	AFRI	85	85	75	75	0	0				
616	AFRI	75	85	75	85	95	105				
617	AFRI	75	75	65	85	95	105				
618	AFRI	85	85	75	75	85	105				
619	AFRI	75	75	75	85	0	0				
620	AFRI	75	75	65	75	0	0				
621	AFRI	75	85	65	85	0	0				
622	AFRI	75	85	75	75	0	0				
623	AFRI	75	85	75	75	0	0				
624	AFRI	75	85	65	75	0	0				
625	AFRI	85	85	75	75	0	0				
626	AFRI	75	75	75	85	95	105				
627	AFRI	85	85	65	85	85	95				
628	AFRI	75	75	75	75	85	105				
629	AFRI	85	85	65	75	85	105				
630	MED	85	95	75	75	0	0				
631	MED	95	95	75	75	95	105				
632	MED	95	95	75	75	95	105				
633	MED	85	95	75	75	85	105				
634	MED	85	95	75	75	95	95				
635	MED	85	95	75	75	95	105				
636	MED	95	95	75	85	95	105				
637	MED	75	95	75	75	95	105				
638	MED	75	95	75	85	95	95				
639	MED	95	95	75	75	95	105				
640	MED	75	105	75	85	95	95				
641	MED	95	95	75	75	95	95				
642	MED	95	95	75	85	95	105				
643	MED	75	95	75	75	95	105				
644	MED	75	95	75	75	95	105				
645	MED	75	95	75	75	105	105				
646	MED	75	95	75	75	95	105				
647	MED	95	95	75	75	0	0				
648	MED	75	95	75	85	0	0				
649	MED	95	95	75	75	0	0				
650	MED	95	95	75	75	0	0				
651	MED	75	95	75	75	0	0				
652	MED	75	95	75	75	0	0				
653	MED	75	95	75	75	0	0				
654	MED	75	95	75	75	0	0				
655	MED	95	95	75	75	95	105				
656	MED	95	95	75	75	0	0				
657	MED	95	95	75	85	95	105				
658	MED	75	95	75	75	95	105				
659	MED	95	95	75	75	0	0				
660	MED	75	95	75	85	0	0				
661	MED	95	95	75	75	95	105				
662	MED	75	95	75	85	0	0				
663	MED	75	75	75	75	105	105				
664	MED	75	95	75	75	95	105				
665	MED	75	75	75	75	105	105				
666	MED	75	75	75	75	105	105				
667	MED	75	95	75	75	95	105				
668	MED	95	95	75	75	105	105				
669	MED	75	95	75	75	105	105				
670	MED	75	75	75	75	105	105				
671	MED	75	95	75	75	105	105				
672	MED	75	95	75	75	95	105				
673	MED	75	95	75	75	105	105				
674	MED	95	95	75	75	105	105				
675	MED	95	95	75	75	105	105				
676	MED	75	95	75	75	105	105				
677	MED	75	95	75	75	105	105				
678	MED	75	95	75	75	105	105				
679	MED	75	75	75	75	105	105				
680	MED	75	95	75	75	105	105				
681	MED	75	75	75	75	105	105				
682	MED	95	95	75	75	105	105				
683	MED	75	95	75	75	105	105				
684	MED	95	95	75	75	105	105				
685	MED	75	95	75	85	105	105				
686	MED	75	95	75	85	95	105				
687	MED	95	95	75	75	95	95				
688	MED	75	95	75	75	105	105				
689	MED	75	95	75	75	105	105				
690	MED	75	95	75	75	95	105				
691	MED	95	95	75	75	95	105				
692	MED	75	95	75	75	105	105				
693	MED	95	95	75	75	105	105				
694	MED	95	95	75	75	95	105				
695	MED	95	95	75	75	95	105				
696	MED	95	95	75	75	95	105				
697	MED	95	95	75	75	0	0				
698	MED	95	95	75	75	0	0				
699	MED	95	95	75	75	95	105				
700	MED	95	95	75	75	95	95				
701	MED	95	95	75	75	105	105				
702	MED	95	95	75	75	0	0				
703	MED	95	95	75	75	95	105				
704	MED	75	95	75	75	95	105				
705	MED	95	95	75	75	95	105				
706	MED	95	95	75	85	95	105				
707	MED	95	95	75	85	95	105				
708	MED	95	95	75	85	105	105				
709	MED	95	95	75	75	105	105				
710	MED	95	95	75	75	105	105				
711	MED	75	95	75	75	95	105				
712	MED	75	95	75	85	95	105				
713	MED	95	95	75	85	105	105				
714	MED	95	95	75	75	95	105				
715	MED	95	95	75	85	0	0				
716	MED	75	95	75	75	95	105				
717	MED	75	95	75	75	0	0				
718	MED	95	95	75	75	95	95				
719	MED	95	95	75	75	0	0				
720	MED	95	95	75	75	95	105				
721	MED	95	95	75	75	0	0				
722	MED	95	95	75	75	0	0				
723	MED	95	95	75	75	95	105				
724	MED	95	95	75	85	95	95				
725	MED	95	95	75	85	95	105				
726	MED	95	95	75	85	95	105				
727	MED	95	95	75	85	95	105				
728	MED	75	95	75	75	0	0				
729	MED	95	95	75	75	105	105				
730	MED	95	95	75	75	0	0				
731	MED	95	95	75	75	105	105				
732	MED	75	95	75	75	0	0				
733	MED	95	95	75	75	0	0				
734	MED	95	95	85	85	0	0				
735	MED	75	95	75	75	0	0				
736	MED	75	95	75	75	95	105				
737	MED	95	95	75	85	0	0				
738	MED	95	95	75	75	0	0				
739	MED	95	95	75	75	95	105				
740	MED	95	95	75	75	0	0				
741	MED	75	95	75	75	95	105				
742	MED	95	95	75	85	0	0				
743	MED	95	95	75	85	95	105				
744	MED	95	95	75	75	95	105				
745	MED	75	95	75	75	0	0				
746	MED	75	95	75	85	95	95				
747	MED	75	105	75	75	95	105				
748	MED	95	95	75	75	95	105				
749	MED	75	95	75	75	95	105				
750	MED	95	105	75	85	105	105				
751	MED	95	105	85	85	95	105				
752	MED	75	95	75	85	105	105				
753	MED	95	95	75	85	95	105				
754	MED	95	95	75	75	95	105				
755	MED	95	95	75	75	105	105				
756	MED	75	95	75	85	95	105				
757	MED	75	95	75	85	105	105				
758	MED	75	75	75	85	105	105				
759	MED	75	95	75	85	95	105				
760	MED	95	95	75	75	105	105				
761	MED	95	95	75	75	105	105				
762	MED	95	95	75	75	105	105				
763	MED	95	95	75	75	95	105				
764	MED	95	95	75	75	105	105				
765	MED	75	95	75	85	95	105				
766	MED	95	95	75	85	95	105				
767	MED	75	75	75	85	95	105				
768	MED	95	105	85	85	95	105				
769	MED	95	95	75	75	105	105				
770	MED	95	95	75	85	105	105				
771	MED	95	95	85	85	105	105				
772	MED	95	95	75	85	105	105				
773	MED	75	95	75	85	95	105				
774	MED	75	95	75	85	95	105				
775	MED	95	95	75	75	105	105				
776	MED	95	95	75	75	95	105				
777	MED	95	95	75	85	105	105				
778	MED	95	95	75	85	105	105				
779	MED	85	95	75	85	105	105				
780	MED	95	105	75	85	105	105				
781	MED	95	105	75	85	105	105				
782	MED	75	95	75	75	95	105				
783	MED	95	95	75	85	85	95				
784	MED	95	95	75	75	95	105				
785	MED	95	95	85	85	95	95				
786	MED	75	95	85	85	95	105				
787	MED	95	95	75	75	105	105				
788	MED	95	95	75	85	95	105				
789	MED	95	95	75	85	95	95				
790	MED	95	95	75	85	105	105				
791	MED	95	95	75	75	95	95				
792	MED	95	95	75	75	95	105				
793	MED	75	95	75	75	95	105				
794	MED	95	95	75	85	95	95				
795	MED	95	95	75	75	95	105				
796	MED	95	95	75	75	95	95				
797	MED	95	95	75	85	95	105				
798	MED	95	95	75	75	95	95				
799	MED	75	85	75	75	105	105				
800	MED	95	95	75	85	95	95				
801	MED	95	95	75	85	95	95				
802	MED	95	95	75	75	85	105				
803	MED	75	75	75	75	95	95				
804	MED	95	95	75	85	0	0				
805	MED	95	95	75	85	0	0				
806	MED	85	95	75	85	95	105				
807	MED	95	95	75	85	0	0				
808	MED	95	95	75	75	0	0				
809	MED	95	95	75	75	95	105				
810	MED	95	95	85	85	95	105				
811	MED	75	95	75	75	95	105				
812	MED	85	95	75	75	95	105				
813	MED	95	95	75	75	95	105				
814	MED	95	95	75	75	95	95				
815	MED	95	95	75	75	95	105				
816	MED	95	95	75	85	85	95				
817	MED	95	95	75	75	95	95				
818	MED	95	95	75	85	105	105				
819	MED	95	95	75	85	0	0				
820	MED	95	95	75	85	95	105				
821	MED	95	95	75	75	95	105				
822	MED	95	95	75	85	95	105				
823	MED	95	95	75	75	95	95				
824	MED	95	95	75	75	95	95				
825	MED	95	95	75	75	95	105				
826	MED	95	95	75	75	95	105				
827	MED	95	95	75	75	105	105				
828	MED	85	95	75	75	95	95				
829	MED	95	95	75	85	95	95				
830	MED	85	95	75	85	95	95				
831	MED	95	95	75	75	95	105				
832	MED	95	95	75	75	95	95				
833	MED	95	95	75	75	95	95				
834	MED	75	95	185	185	95	105				
835	MED	95	95	75	85	95	95				
836	MED	95	95	75	75	95	105				
837	MED	95	95	85	85	95	95				
838	MED	75	95	75	75	95	95				
839	MED	95	95	75	85	95	105				
840	MED	85	95	75	75	105	105				
841	MED	95	95	75	75	95	105				
842	MED	95	95	85	85	85	105				
843	MED	95	95	75	75	95	105				
844	MED	95	95	75	75	85	95				
845	MED	95	95	75	75	95	105				
846	MED	95	95	75	75	95	95				
847	MED	0	0	75	75	95	105				
848	MED	85	95	75	75	95	105				
849	MED	95	95	75	85	95	95				
850	MED	95	95	75	85	95	95				
851	MED	95	105	75	85	95	95				
852	MED	95	95	75	75	95	95				
853	MED	95	95	75	85	95	105				
854	MED	75	95	75	75	95	95				
855	MED	95	95	75	75	95	95				
856	MED	85	95	75	75	95	95				
857	MED	95	95	75	75	95	95				
858	MED	95	95	75	75	95	95				
859	MED	85	95	75	75	95	95				
860	MED	0	0	75	75	95	95				
861	MED	85	95	75	75	95	95				
862	MED	95	95	75	85	95	95				
863	MED	95	95	75	75	95	105				
864	MED	75	95	75	75	95	95				
865	MED	95	95	75	75	95	105				
866	MED	85	95	75	75	95	95				
867	MED	85	85	75	85	0	0				
868	MED	95	95	75	75	95	95				
869	MED	95	95	75	75	95	95				
870	MED	95	95	75	75	95	95				
871	MED	75	85	75	75	95	95				
872	MED	95	95	75	75	95	95				
873	MED	95	95	75	75	95	95				
874	MED	95	105	85	85	95	95				
875	MED	85	95	75	75	95	95				
876	MED	95	95	75	75	95	95				
877	MED	85	85	75	85	95	95				
878	MED	95	95	75	75	95	95				
879	MED	95	95	75	75	95	95				
880	MED	85	105	75	75	95	95				
881	MED	95	95	75	85	95	95				
882	MED	95	95	75	75	95	95				
883	MED	85	85	75	75	95	95				
884	MED	85	95	75	75	95	95				
885	MED	95	95	75	75	95	95				
886	MED	85	95	75	75	95	95				
887	MED	85	85	75	85	95	95				
888	MED	95	95	75	85	95	95				
889	MED	95	95	75	75	95	95				
890	MED	95	95	75	75	95	95				
891	MED	95	95	75	75	95	95				
892	SAME	75	95	75	75	95	95				
893	SAME	75	95	75	75	95	95				
894	SAME	95	95	75	75	95	95				
895	SAME	95	95	85	85	95	95				
896	SAME	95	95	75	75	95	95				
897	SAME	95	95	75	75	95	95				
898	SAME	95	95	75	75	95	95				
899	SAME	95	105	75	75	95	105				
900	SAME	75	105	75	85	95	95				
901	SAME	105	105	75	75	95	95				
902	SAME	95	105	75	75	95	105				
903	SAME	95	105	75	75	95	105				
904	SAME	95	95	75	85	95	105				
905	SAME	95	105	75	75	95	105				
906	SAME	95	95	75	75	95	95				
907	SAME	95	95	75	75	95	95				
908	SAME	105	105	75	75	95	95				
909	SAME	105	105	75	75	95	105				
910	SAME	105	105	75	75	95	105				
911	SAME	95	95	75	85	95	95				
912	SAME	75	105	75	75	95	105				
913	SAME	95	95	75	75	105	105				
914	SAME	95	105	75	75	95	95				
915	SAME	95	95	75	75	95	95				
916	SAME	95	95	75	75	95	95				
917	SAME	95	95	75	75	105	105				
918	SAME	0	0	75	75	95	95				
919	SAME	95	95	75	75	95	95				
920	SAME	95	105	75	75	95	95				
921	SAME	95	95	75	75	95	105				
922	SAME	95	105	75	75	95	105				
923	SAME	95	95	75	75	95	95				
924	SAME	95	105	75	75	95	95				
925	SAME	95	95	75	75	95	105				
926	SAME	95	95	75	85	95	95				
927	SAME	95	105	75	75	95	105				
928	SAME	105	105	75	85	95	105				
929	SAME	95	105	75	75	105	105				
930	SAME	95	105	75	85	95	95				
931	SAME	95	95	75	75	95	95				
932	SAME	95	95	75	75	95	95				
933	SAME	95	95	75	75	95	95				
934	SAME	95	105	75	75	95	105				
935	SAME	95	95	75	75	95	95				
936	SAME	105	105	75	75	95	105				
937	SAME	0	0	75	85	95	105				
938	SAME	0	0	75	75	95	105				
939	SAME	0	0	75	75	95	95				
940	SAME	0	0	75	75	95	95				
941	SAME	105	105	75	75	95	95				
942	SAME	95	105	75	75	95	95				
943	SAME	95	105	0	0	95	95				
944	SAME	95	95	75	75	95	95				
945	SAME	95	95	75	75	95	95				
946	SAME	95	95	75	75	95	95				
947	SAME	95	95	75	75	95	95				
948	SAME	95	95	75	75	95	95				
949	SAME	95	95	75	75	95	95				
950	SAME	95	95	75	85	95	95				
951	SAME	95	95	75	75	95	95				
952	SAME	95	95	75	85	95	95				
953	SAME	95	95	75	75	95	95				
954	SAME	95	95	75	85	95	95				
955	SAME	95	95	75	75	95	95				
956	SAME	95	95	75	85	95	95				
957	SAME	95	95	75	75	95	95				
958	SAME	95	95	75	85	95	95				
959	SAME	95	95	75	75	95	95				
960	SAME	95	105	75	85	95	95				
961	SAME	95	95	75	85	95	95				
962	SAME	95	95	75	75	95	95				
963	SAME	95	95	75	75	95	95				
964	SAME	95	95	75	75	95	95				
965	SAME	95	95	75	75	95	95				
966	SAME	95	95	75	85	85	95				
967	SAME	95	95	75	75	95	95				
968	SAME	95	95	75	75	95	95				
969	SAME	95	95	75	75	95	95				
970	SAME	0	0	75	75	95	95				
971	SAME	85	95	75	75	95	95				
972	SAME	85	95	75	75	95	95				
973	SAME	95	95	75	75	95	95				
974	SAME	95	95	75	75	95	95				
975	SAME	95	95	75	75	95	95				
976	SAME	95	95	75	75	95	95				
977	SAME	85	95	75	75	95	95				
978	SAME	85	95	75	75	95	95				
979	SAME	85	95	75	75	95	95				
980	SAME	95	95	75	75	85	95				
981	SAME	85	85	75	75	95	95				
982	SAME	95	95	75	75	95	95				
983	SAME	0	0	75	85	95	95				
984	SAME	85	95	75	85	95	105				
985	SAME	85	95	75	75	105	105				
986	SAME	0	0	75	75	105	105				
987	SAME	85	95	75	85	95	105				
988	SAME	95	95	85	85	95	95				
989	SAME	95	95	75	75	95	105				
990	SAME	95	95	75	75	95	105				
991	SAME	95	95	75	85	95	105				
992	SAME	75	95	75	85	95	105				
993	SAME	95	95	75	75	95	105				
994	SAME	95	95	75	85	95	95				
995	SAME	95	95	75	85	95	95				
996	SAME	75	95	85	85	95	105				
997	SAME	0	0	75	85	95	105				
998	SAME	85	95	75	85	95	95				
999	SAME	85	95	75	85	95	95				
1000	SAME	95	95	75	75	95	95				
1001	SAME	95	95	75	75	95	95				
1002	SAME	95	95	75	85	95	95				
1003	SAME	95	95	75	85	95	95				
1004	SAME	85	95	75	75	95	95				
1005	SAME	95	95	75	85	95	95				
1006	SAME	85	95	75	85	95	95				
1007	SAME	85	95	75	75	0	0				
1008	SAME	85	95	75	85	95	95				
1009	SAME	95	95	75	75	95	95				
1010	SAME	85	95	75	75	95	95				
1011	SAME	85	95	75	85	95	95				
1012	SAME	85	85	75	75	95	95				
1013	SAME	85	95	75	85	95	95				
1014	SAME	0	0	75	85	95	95				
1015	SAME	85	95	75	85	95	95				
1016	SAME	85	85	75	75	95	95				
1017	SAME	95	95	75	75	95	95				
1018	SAME	95	95	75	75	95	105				
1019	SAME	85	95	75	75	95	95				
1020	SAME	95	95	75	85	95	105				
1021	SAME	85	95	75	75	95	95				
1022	SAME	85	95	75	75	95	95				
1023	SAME	95	95	75	75	95	95				
1024	SAME	95	95	75	75	95	95				
1025	SAME	85	95	75	75	95	95				
1026	SAME	85	95	75	75	95	95				
1027	SAME	95	95	75	75	95	95				
1028	SAME	95	95	75	75	95	95				
1029	SAME	95	95	75	75	95	95				
1030	SAME	95	95	75	75	95	95				
1031	SAME	95	95	75	75	95	95				
1032	SAME	95	95	75	75	95	95				
1033	SAME	95	95	75	75	95	95				
1034	SAME	95	95	75	75	95	95				
1035	SAME	95	95	75	75	95	95				
1036	SAME	95	95	75	75	95	95				
1037	SAME	95	95	75	75	95	95				
1038	SAME	85	95	75	75	95	95				
1039	SAME	0	0	75	75	95	95				
1040	SAME	95	95	75	75	95	95				
1041	SAME	95	95	75	75	95	95				
1042	SAME	95	95	75	75	95	95				
1043	SAME	95	95	75	75	95	95				
1044	SAME	95	95	75	75	95	95				
1045	SAME	95	95	75	75	95	95				
1046	SAME	95	95	75	75	95	95				
1047	SAME	95	95	75	75	95	95				
1048	SAME	95	95	75	75	95	95				
1049	SAME	95	95	75	75	95	95				
1050	SAME	85	95	75	85	95	95				
1051	SAME	95	95	75	75	95	95				
1052	SAME	95	95	75	85	95	95				
1053	SAME	95	95	75	75	95	95				
1054	SAME	95	95	75	75	95	95				
1055	SAME	95	95	75	75	95	95				
1056	SAME	95	95	75	75	0	0				
1057	SAME	95	95	75	75	95	95				
1058	SAME	95	95	75	75	95	95				
1059	SAME	85	95	75	75	95	95				
1060	SAME	95	95	75	75	95	95				
1061	SAME	85	95	75	75	95	95				
1062	SAME	95	95	0	0	95	95				
1063	SAME	85	95	75	85	95	95				
1064	SAME	95	95	75	85	95	95				
1065	SAME	95	105	75	85	95	95				
1066	SAME	95	95	75	75	95	95				
1067	SAME	95	95	75	75	95	95				
1068	SAME	0	0	75	75	95	95				
1069	SAME	0	0	75	85	95	105				
1070	SAME	95	95	75	85	105	105				
1071	SAME	95	105	75	75	95	105				
1072	SAME	95	105	75	75	95	95				
1073	SAME	95	105	75	75	105	105				
1074	SAME	0	0	75	75	95	95				
1075	SAME	95	105	75	75	95	95				
1076	SAME	0	0	85	85	95	95				
1077	SAME	95	105	75	75	95	105				
1078	SAME	95	105	75	85	95	95				
1079	SAME	95	105	75	75	95	95				
1080	SAME	95	105	75	75	95	105				
1081	SAME	105	105	75	75	95	95				
1082	SAME	95	105	75	75	105	105				
1083	SAME	105	105	75	75	95	105				
1084	SAME	95	95	75	75	95	105				
1085	SAME	95	95	75	75	95	105				
1086	SAME	105	105	75	75	95	95				
1087	SAME	105	105	75	75	95	105				
1088	SAME	0	0	75	75	95	95				
1089	SAME	95	95	75	75	95	95				
1090	SAME	95	95	75	85	95	95				
1091	SAME	95	95	85	85	95	95				
1092	SAME	105	105	75	85	95	95				
1093	SAME	95	105	75	85	0	0				
1094	SAME	95	105	0	0	95	105				
1095	SAME	95	105	75	75	95	105				
1096	SAME	95	95	75	85	0	0				
1097	SAME	95	105	75	85	95	105				
1098	SAME	95	105	75	75	105	105				
1099	SAME	105	105	85	85	95	95				
1100	SAME	95	95	85	85	95	105				
1101	SAME	105	105	75	75	95	95				
1102	SAME	95	95	75	75	95	105				
1103	SAME	85	85	85	85	95	105				
1104	SAME	95	95	75	85	95	105				
1105	SAME	105	105	75	85	95	95				
1106	SAME	75	95	85	85	95	95				
1107	SAME	95	105	75	75	95	105				
1108	SAME	105	105	75	75	95	95				
1109	SAME	105	105	75	85	95	95				
1110	SAME	95	105	75	85	95	105				
1111	SAME	105	105	75	85	95	95				
1112	SAME	95	95	75	75	95	95				
1113	SAME	95	105	85	85	95	105				
1114	SAME	95	95	75	85	95	95				
1115	SAME	105	105	75	75	95	105				
1116	SAME	0	0	85	85	95	95				
1117	SAME	95	105	85	85	95	95				
1118	SAME	75	75	85	85	95	105				
1119	SAME	75	95	85	85	95	95				
1120	SAME	95	95	75	85	95	105				
1121	SAME	75	95	75	85	95	105				
1122	SAME	105	105	75	85	95	105				
1123	SAME	105	105	95	95	95	95				
1124	SAME	105	105	95	95	95	95				
1125	SAME	105	105	95	95	95	95				
1126	SAME	95	105	95	95	95	95				
1127	SAME	105	105	95	95	95	95				
1128	SAME	105	105	95	95	95	95				
1129	SAME	105	105	95	95	95	95				
1130	SAME	105	105	95	95	95	95				
1131	SAME	0	0	95	95	95	95				
1132	SAME	105	105	95	95	95	95				
1133	SAME	105	105	95	95	95	95				
1134	SAME	95	95	95	105	95	105				
1135	SAME	85	85	95	95	95	95				
1136	SAME	85	85	95	105	95	105				
1137	SAME	105	105	95	105	95	105				
1138	SAME	105	105	95	95	95	95				
1139	SAME	105	105	95	95	95	95				
1140	SAME	105	105	95	95	95	95				
1141	SAME	105	105	95	95	95	95				
1142	SAME	105	105	95	95	95	95				
1143	SAME	105	105	95	95	95	95				
1144	SAME	105	105	95	95	95	95				
1145	SAME	105	105	95	95	95	95				
1146	SAME	95	95	75	85	95	95				
1147	SAME	105	105	75	75	95	95				
1148	SAME	105	105	75	85	95	95				
1149	SAME	105	105	75	75	95	95				
1150	SAME	105	105	75	85	95	95				
1151	SAME	95	95	75	85	95	105				
1152	SAME	105	105	75	85	95	95				
1153	SAME	105	105	75	75	95	95				
1154	SAME	105	105	85	85	95	95				
1155	SAME	105	105	85	85	95	105				
1156	SAME	105	105	75	85	95	95				
1157	SAME	105	105	75	85	95	95				
1158	SAME	105	105	75	85	0	0				
1159	SAME	0	0	85	85	95	95				
1160	SAME	105	105	75	75	95	105				
1161	SAME	95	105	95	95	95	95				
1162	SAME	95	105	95	95	95	95				
1163	SAME	95	105	95	95	95	95				
1164	SAME	95	105	95	95	95	95				
1165	SAME	95	105	95	95	95	95				
1166	SAME	95	105	95	95	95	95				
1167	SAME	95	105	95	95	95	95				
1168	SAME	95	105	95	105	95	105				
1169	SAME	95	105	95	95	95	95				
1170	SAME	95	105	105	105	105	105				
1171	SAME	105	105	105	105	105	105				
1172	SAME	95	105	0	0	105	105				
1173	SAME	105	105	105	105	105	105				
1174	SAME	0	0	95	105	95	105				
1175	SAME	95	105	105	105	105	105				
1176	SAME	95	105	105	105	105	105				
1177	SAME	95	105	105	105	105	105				
1178	SAME	95	105	105	105	105	105				
1179	SAME	95	105	75	75	95	95				
1180	SAME	95	95	75	75	95	95				
1181	SAME	95	95	75	75	95	95				
1182	SAME	95	95	75	75	95	95				
1183	SAME	95	95	75	75	95	95				
1184	SAME	95	95	75	75	95	95				
1185	SAME	95	95	75	75	95	95				
1186	SAME	95	95	75	75	95	95				
1187	SAME	95	95	75	75	95	95				
1188	SAME	95	95	75	75	0	0				
1189	SAME	95	95	75	75	95	95				
1190	SAME	95	95	75	75	95	95				
1191	SAME	95	95	75	75	95	95				
1192	SAME	95	95	75	75	95	95				
1193	SAME	95	95	75	75	95	95				
1194	SAME	95	95	75	75	95	95				
1195	CAME	95	95	105	105	95	105				
1196	CAME	95	95	105	105	95	105				
1197	CAME	95	95	105	105	95	95				
1198	CAME	95	95	105	105	95	95				
1199	CAME	95	95	105	105	95	95				
1200	CAME	95	95	105	105	95	105				
1201	CAME	95	95	105	105	95	95				
1202	CAME	95	95	105	105	95	95				
1203	CAME	95	95	105	105	95	95				
1204	CAME	95	95	105	105	105	105				
1205	CAME	95	95	105	105	95	95				
1206	CAME	95	95	105	105	95	95				
1207	CAME	95	95	105	105	95	105				
1208	CAME	95	95	105	105	95	105				
1209	CAME	95	95	105	105	95	105				
1210	CAME	95	95	105	105	95	105				
1211	CAME	95	95	105	105	95	105				
1212	CAME	95	95	105	105	95	95				
1213	CAME	95	95	105	105	95	95				
1214	CAME	95	95	105	105	95	95				
1215	CAME	95	95	105	105	95	105				
1216	CAME	95	95	105	105	95	105				
1217	CAME	95	95	105	105	95	95				
1218	CAME	95	95	105	105	95	95				
1219	CAME	95	95	105	105	95	95				
1220	CAME	95	95	105	105	95	95				
1221	CAME	95	95	105	105	95	105				
1222	CAME	95	95	105	105	105	105				
1223	CAME	95	95	105	105	95	105				
1224	CAME	95	95	105	105	95	105				
1225	CAME	95	95	105	105	95	95				
1226	CAME	95	95	75	85	95	95				
1227	CAME	95	95	75	85	95	95				
1228	CAME	95	95	75	75	95	105				
1229	CAME	95	95	75	75	95	95				
1230	CAME	95	95	75	75	95	95				
1231	CAME	95	95	75	85	95	95				
1232	CAME	95	95	75	75	95	105				
1233	CAME	95	95	0	0	95	95				
1234	CAME	75	95	75	85	95	105				
1235	CAME	95	95	95	105	95	105				
1236	CAME	95	95	95	105	95	105				
1237	CAME	0	0	75	75	95	105				
1238	CAME	95	95	75	75	95	105				
1239	CAME	95	95	75	75	95	105				
1240	CAME	95	95	95	105	95	105				
1241	CAME	85	95	95	105	95	105				
1242	CAME	95	95	95	105	95	105				
1243	CAME	95	95	75	85	95	105				
1244	CAME	0	0	95	105	95	105				
1245	CAME	95	95	75	85	95	105				
1246	CAME	95	95	75	75	95	105				
1247	CAME	95	95	95	105	95	105				
1248	CAME	95	95	95	95	95	95				
1249	CAME	95	95	95	95	95	95				
1250	CAME	95	95	95	105	95	105				
1251	CAME	95	95	95	105	95	105				
1252	CAME	95	95	95	95	95	95				
1253	CAME	95	95	95	95	95	95				
1254	CAME	95	95	75	75	0	0				
1255	CAME	95	95	75	75	95	95				
1256	CAME	95	95	75	75	95	95				
1257	CAME	95	95	75	75	105	105				
1258	CAME	85	95	75	85	95	95				
1259	CAME	95	95	75	85	95	105				
1260	CAME	95	95	75	75	95	105				
1261	CAME	95	95	75	75	95	105				
1262	CAME	95	95	75	85	95	105				
1263	CAME	95	95	75	75	95	105				
1264	CAME	95	95	75	75	105	105				
1265	CAME	95	95	75	85	95	105				
1266	CAME	95	95	75	75	95	105				
1267	CAME	95	95	75	85	95	105				
1268	CAME	95	95	75	85	105	105				
1269	CAME	95	95	75	85	105	105				
1270	CAME	95	95	75	85	105	105				
1271	CAME	95	95	75	85	95	105				
1272	CAME	95	95	75	75	95	95				
1273	CAME	85	95	75	75	95	95				
1274	CAME	95	95	75	85	105	105				
1275	CAME	95	95	75	85	95	105				
1276	CAME	95	95	75	75	95	95				
1277	CAME	95	95	75	85	105	105				
1278	CAME	95	95	75	85	95	95				
1279	CAME	95	95	75	75	95	105				
1280	CAME	95	95	75	85	105	105				
1281	CAME	95	95	75	75	105	105				
1282	CAME	95	95	75	85	95	105				
1283	CAME	95	95	75	75	95	95				
1284	CAME	95	95	75	75	95	105				
1285	CAME	75	95	75	75	105	105				
1286	CAME	95	95	75	75	95	105				
1287	CAME	95	95	85	85	95	95				
1288	CAME	95	95	75	75	105	105				
1289	CAME	75	75	75	85	95	105				
1290	CAME	75	95	75	85	105	105				
1291	CAME	95	95	75	75	95	105				
1292	CAME	75	95	75	75	95	105				
1293	CAME	75	95	75	75	95	105				
1294	CAME	95	95	75	85	95	95				
1295	CAME	95	95	75	75	105	105				
1296	CAME	95	95	75	85	105	105				
1297	CAME	95	95	75	85	95	95				
1298	CAME	95	95	75	75	95	105				
1299	CAME	95	95	75	75	95	105				
1300	CAME	95	95	75	75	95	105				
1301	CAME	95	95	75	85	0	0				
1302	CAME	95	95	75	75	105	105				
1303	CAME	85	95	75	75	105	105				
1304	CAME	95	95	75	85	105	105				
1305	CAME	95	95	85	85	105	105				
1306	CAME	95	95	75	85	105	105				
1307	CAME	95	95	75	75	95	105				
1308	CAME	95	95	75	75	105	105				
1309	CAME	95	95	85	85	105	105				
1310	CAME	95	95	75	75	105	105				
1311	CAME	95	95	75	85	95	105				
1312	CAME	95	95	85	85	95	105				
1313	CAME	95	95	75	85	105	105				
1314	CAME	95	95	75	75	105	105				
1315	CAME	95	95	75	85	105	105				
1316	CAME	95	95	75	85	105	105				
1317	CAME	95	95	75	85	105	105				
1318	CAME	95	95	75	75	105	105				
1319	CAME	95	95	75	75	105	105				
1320	CAME	95	95	75	85	105	105				
1321	CAME	95	95	75	75	105	105				
1322	CAME	95	95	75	85	105	105				
1323	CAME	95	95	75	75	0	0				
1324	CAME	95	95	75	85	95	105				
1325	CAME	95	95	85	85	95	105				
1326	CAME	95	95	75	75	0	0				
1327	CAME	95	95	75	75	95	95				
1328	CAME	95	95	75	75	105	105				
1329	CAME	95	95	75	75	95	95				
1330	CAME	95	95	75	75	0	0				
1331	CAME	95	95	75	75	95	105				
1332	CAME	95	95	75	75	95	105				
1333	CAME	95	95	105	105	105	135				
1334	CAME	95	95	105	105	105	105				
1335	CAME	95	95	105	105	105	105				
1336	CAME	95	95	105	105	105	105				
1337	CAME	95	95	105	105	105	105				
1338	CAME	95	95	95	105	95	95				
1339	CAME	0	0	105	105	105	105				
1340	CAME	95	95	105	105	95	105				
1341	CAME	95	95	105	105	105	105				
1342	CAME	0	0	105	105	95	105				
1343	CAME	95	95	105	105	105	105				
1344	CAME	95	95	105	105	95	105				
1345	CAME	95	95	105	105	95	105				
1346	CAME	95	95	105	105	95	105				
1347	CAME	95	95	105	105	95	105				
1348	CAME	95	95	105	105	105	105				
1349	CAME	95	95	105	105	105	105				
1350	CAME	95	95	105	105	105	105				
1351	CAME	95	95	105	105	105	105				
1352	CAME	95	95	105	105	105	105				
1353	CAME	95	95	95	105	95	105				
1354	CAME	95	95	105	105	105	105				
1355	CAME	95	95	105	105	105	105				
1356	CAME	95	95	105	105	95	105				
1357	CAME	95	95	105	105	95	105				
1358	CAME	95	95	105	105	105	105				
1359	CAME	95	95	105	105	95	105				
1360	CAME	95	95	105	105	95	105				
1361	CAME	95	95	105	105	105	105				
1362	CAME	95	95	105	105	105	105				
1363	CAME	95	95	105	105	95	105				
1364	CAME	95	95	105	105	105	105				
1365	CAME	95	95	105	105	105	105				
1366	CAME	95	95	105	105	105	105				
1367	CAME	95	95	105	105	105	105				
1368	CAME	95	95	85	85	95	105				
1369	CAME	95	95	75	75	95	105				
1370	CAME	95	95	75	75	105	105				
1371	CAME	95	95	75	75	105	105				
1372	CAME	95	95	75	85	95	105				
1373	CAME	95	95	75	75	105	105				
1374	CAME	0	0	75	75	95	105				
1375	CAME	95	95	75	75	105	105				
1376	CAME	95	95	75	75	105	105				
1377	CAME	95	95	75	75	105	105				
1378	CAME	95	95	75	75	95	105				
1379	CAME	0	0	75	85	95	105				
1380	CAME	95	95	75	85	0	0				
1381	CAME	95	95	75	75	105	105				
1382	CAME	95	95	75	75	105	105				
1383	CAME	95	95	105	105	105	105				
1384	CAME	95	95	105	105	105	105				
1385	CAME	95	95	105	105	105	105				
1386	CAME	95	95	105	105	105	105				
1387	CAME	95	95	95	105	95	105				
1388	CAME	95	95	105	105	105	105				
1389	CAME	95	95	95	95	95	95				
